cpu_mhz,gpu_mhz,latency_mean_ms,energy_mean_j,elapsed_s
422.4,306.0,3154.560536590016,,380.169442507
422.4,408.0,3055.7086762499225,,366.7257950899984
422.4,510.0,2993.849616690022,,359.3314515639995
422.4,612.0,2925.83425368006,,351.2799758199999
422.4,714.0,2874.3289933499727,,345.01170134099993
422.4,816.0,2831.0689752600774,,339.836476855
422.4,918.0,2812.5117906899686,,337.9171255330002
576.0,306.0,2454.4839087199944,,294.51414293199923
576.0,408.0,2351.223819780116,,282.1913930030005
576.0,510.0,2293.0464227700213,,275.1788217180001
576.0,612.0,2236.9529167199653,,268.4635119499999
576.0,714.0,2183.310231979994,,262.00224246000107
576.0,816.0,2146.564494430167,,257.6239427119999
576.0,918.0,2118.257604850023,,254.1824137069998
729.6,306.0,2074.622953150083,,249.02337716999864
729.6,408.0,1972.5911693599662,,236.711977388999
729.6,510.0,1913.0582343800052,,229.57758365700101
729.6,612.0,1863.5262020501066,,223.5345982710005
729.6,714.0,1818.814643619898,,219.15236955100045
729.6,816.0,1769.5776735099569,,212.41769558099986
729.6,918.0,1737.503298900192,,208.54611563099934
883.2,306.0,1832.512347890006,,219.90791646100115
883.2,408.0,1730.7570779900377,,207.7050036719993
883.2,510.0,1668.5626887599758,,200.24143828500019
883.2,612.0,1615.9576001100504,,193.92692384600014
883.2,714.0,1561.931098480036,,187.45241709000038
883.2,816.0,1521.2574451898586,,182.55892403300095
883.2,918.0,1495.4678623001018,,179.56221178499982
1036.8,306.0,1656.71955046002,,198.80327571099951
1036.8,408.0,1548.8811125399661,,185.88745140900028
1036.8,510.0,1487.702491189957,,178.54013504700015
1036.8,612.0,1436.490836440116,,172.38582616700114
1036.8,714.0,1385.9388410801878,,166.31645162000132
1036.8,816.0,1348.0454718497276,,161.81599010199716
1036.8,918.0,1324.7460902501916,,158.94155236700317
1190.4,306.0,1522.131595290084,,182.69497402100023
1190.4,408.0,1416.8799018101345,,169.99728334700194
1190.4,510.0,1355.4863952398227,,162.67462081699705
1190.4,612.0,1310.7300772302187,,157.32929854100075
1190.4,714.0,1257.539000619763,,150.91232316900278
1190.4,816.0,1220.4566634901857,,146.45394194700202
1190.4,918.0,1195.2092262299993,,143.41583665500002
1344.0,306.0,1398.7205447100496,,167.85641800400117
1344.0,408.0,1293.4389518798343,,155.2108130630004
1344.0,510.0,1228.983070309987,,147.48673165400032
1344.0,612.0,1188.8266822300284,,142.65537714200036
1344.0,714.0,1162.8706198297732,,139.54484960599802
1344.0,816.0,1127.1924121600023,,135.26028029100053
1344.0,918.0,1099.915126450178,,132.0005505879999
1497.6,306.0,1316.5473392300555,,157.98219047699968
1497.6,408.0,1203.7461204200372,,144.4157136970025
1497.6,510.0,1136.7425852099768,,136.41694988699965
1497.6,612.0,1095.2183299600074,,131.4586300209994
1497.6,714.0,1067.1396105297754,,128.07068818599873
1497.6,816.0,1049.6584290998726,,125.97069419000036
1497.6,918.0,1023.1586039599642,,122.79893004199766
1651.2,306.0,1245.6561510298707,,149.48977253599878
1651.2,408.0,1123.5604747100297,,134.8366965540008
1651.2,510.0,1058.8379875302053,,127.06238365299942
1651.2,612.0,1015.7478617799279,,121.89491209700282
1651.2,714.0,987.1803717700095,,118.46827671799838
1651.2,816.0,970.0103943700378,,116.37651584299965
1651.2,918.0,957.071890570005,,114.85230918199886
1804.8,306.0,1188.151981069932,,142.61740222699882
1804.8,408.0,1062.3560093699416,,127.50325635099944
1804.8,510.0,998.6760357600724,,119.8551650699992
1804.8,612.0,954.3149810297109,,114.52244219899876
1804.8,714.0,924.1463848801504,,110.92907810100223
1804.8,816.0,904.8932857800901,,108.59971045999919
1804.8,918.0,891.9144256701838,,107.04479656100011
1958.4,306.0,1139.4395142898065,,136.76173792100235
1958.4,408.0,1013.7122939597975,,121.65577652600041
1958.4,510.0,943.7299060397345,,113.265968402
1958.4,612.0,898.938257030095,,107.86254577699947
1958.4,714.0,869.8209978199156,,104.38714238199827
1958.4,816.0,850.1562291698792,,102.02367347399922
1958.4,918.0,836.6198206399713,,100.41191474199877
1984.0,306.0,1131.5279582399671,,135.78694997099956
1984.0,408.0,1006.2766030100465,,120.74986215900208
1984.0,510.0,936.4497119798762,,112.38691671899869
1984.0,612.0,891.0585680502481,,106.93902214400077
1984.0,714.0,863.266484449814,,103.59861762600121
1984.0,816.0,843.4594247399582,,101.22615977699752
1984.0,918.0,829.9886527499984,,99.61778878000041
